student_id,psy_test_score
dfe365f5bf6a0786bf70bec4c960fc64,105.7,
139500f93fff9334c2d6fe275d0d36dc,73.95,
df02f4beb55cc3a16cc366f59fcc2c8c,89.82,
3d982d390ab6b9552761728bbf23b3d8,77.48,
6a08fc3b2b8be43152d689fba20d2d8a,91.59,
19cb70f8a755c40f628dc552745b2fee,109.22,
0c95cb66cbe37d838e5a15237f098768,79.24,
c944270468cd6c6b9c46886ce2d98819,84.53,
8d413a35e5862135b39d668738a61d3f,91.59,
8c961c8ccb119c80fb1bee4dc707ac1c,79.24,
a74401e200ade4aec7b2f5ba60cf3e3e,79.24,
356bcf56c19114fa486c0ce196c2c308,88.06,
ee57aaa40fb59988b08358c5bf9f73b6,95.11,
ec578b19d9c230c7726ea429e0d2b724,102.17,
cabea3956f3be8c531a5dfbd59591a72,84.53,
f1f84502bfbc84a126a763f4ae08c676,96.88,
0cb7e33eb654fb862e71488ea73c254d,96.88,
f273593f3e8ae7f3030376b0b51f8cb7,95.11,
37836c934b1a7137aa43de9213392dac,110.99,
f675c39e97d19beed1cad211b11aaf2e,89.82,
62ee44f8ed202a084f9f36abeba23e6f,82.77,
6b7a0bda0962e39190d9e369eaef0827,79.24,
fb70d50dc8f57cf51f73b39e50ff777e,77.48,
c902605868ba1758ce9bd2515317e946,93.35,
e20024b1ed3fd0bb3e84b67524891032,96.88,
80d6b33425e95ce69125593c79363449,84.53,
a61209ebf916a78c6ca01ff5dfb346dd,93.35,
da220c70859061f531bf4e4de0ca8b8c,81.01,
c1bf338a5a36bfacbb077402ad3feef9,84.53,
45c375613fe54565bfaff173f1ed4f5b,82.77,
c88a3b6d97ff340d377308f8d7def6c8,70.42,
4dc423abf2497b1c67a632b3527fa2c6,82.77,
756c7bc17f9e9125310113a36705a746,91.59,
5ab12e8aa4a34dfcd03cffbddd3d358f,102.17,
7617cb189b5a081ef93668bf716fbd1d,73.95,
98dbd91fc51dfd0dd29f680d95ff8a3d,86.3,
39ca9411ab79211f6c934103718c4b0c,98.64,
056864a91b9acd006f77f7ae9e8a844a,103.93,
8341056815f3a5f5eccc238b23fbf372,96.88,
2da23dba8ae703e9930d1b92e1978314,82.77,
120f278c4dc4cf9f1d6892e4430be1dc,103.93,
9af2d5937a7875ea2e8f25d0cd2927e4,68.66,
34e1b9a3fc162dc3883c91fa1b4b12a5,73.95,
f101a93f5b25bfac5830dad2ab4131b3,77.48,
6f5d9842b6b58d7375a744454bc3a993,84.53,
eb0170d489c1136c77efee3510815f0a,93.35,
2d6187783064245df3d9c1cf5a5d0558,88.06,
93e1208e226040d119520258f1c253b9,77.48,
1b58a2d5360ae9a2545b4a873ea878bb,107.46,
f817b9d2e2db3a496e417504933d41f7,93.35,
b17700d177d8f86ab0e8790d6650d3b2,95.11,
9c36b881b94ed37d4497f32a2c80da0d,96.88,
3ec640cc499060b39547a5b6a28e32cf,77.48,
206d84ba8876962b21e8000b7d7cdecd,100.41,
0995d9a28ce5ca932ec5eabf4af78ec8,82.77,
05e479f1273e4890434c5a1e30c7f8fb,91.59,
0b9e0b6d97b9ef286d12251d35503416,81.01,
8da70d1afc5634b6ed130f26c9b9ec30,98.64,
8d531e2854fff1e19c2fa0da52c96000,98.64,
39cbe37a11d86d4b67deef61295137b1,82.77,
6050814efe8c9e4294ffd6359c444636,93.35,
6adfcf18a6791d91e236b5503fe8ef92,89.82,
1705ec78e559a8b22d78b962efdafbe3,82.77,
67e5ad856016cf6f10b0c0714d20133a,91.59,
846c232cf3dc3000daaaf13426419cbd,89.82,
d47bec2e683ef62be079d6f00240bf00,89.82,
e44db43155e7d7804ffd7cea91174c23,107.46,
09916c9c68026b3fac8fd128af1bf105,88.06,
a7e3594b04e36ba9b3086197bb887580,88.06,
3caa4615a2eccec0521e041b453800b8,77.48,
ec3a4c57e0c5bc2d3c4be829f9dabba6,86.3,
193fc260c97aaa4f2d5d7b28d9602f2e,103.93,
535e69ae1bd8a758e3e5b8466e4f6487,102.17,
35ca8b59f595a4cbbc302215567093cd,84.53,
2a9a3a77cf1afd7084651afb91783746,75.71,
0d850dd879cbefa2ee2b4f849a64c15d,81.01,
d8c26fde15482037a13e5e886ecb1a3a,86.3,
8b35b707382f23ac7b04d8b46b68b1ac,84.53,
7e36d97963820836717a53a459f5a7c5,93.35,
6ece563d73e8ede85eadeedd6bf0cd36,86.3,
af2cd0404d847c675330f7d6d0a98a2c,73.95,
2a0e2a6db05b5544f7987d88bca51ae4,79.24,
0642a452a06fa5398cd7c3f79e82b624,86.3,
1ece944143a8e9b59d4c919df89f9bc6,81.01,
6e2d28fde729ec9868dd04ff6e272f2f,81.01,
c20a1c92f4510c4cbea52bab06e65e27,84.53,
2a006e914971d33730d592f365439234,88.06,
79559644c8edafa23cb91013f938e28e,82.77,
9a5893319c086ddb04ccf2daacf3f82b,93.35,
f363e9ff56df5e1d381034898da79ece,82.77,
6f90b1be3d4a5c86d4b10640270648cd,82.77,
216758dcc16622f103a68464b8d5ab2f,82.77,
aa988fe15c275a2dc505389b4a259eaa,89.82,
9d332f1e4eebea5201df8f05cdf7002b,84.53,
f0a6584aa1893abe4f9f61eb7f22bff3,109.22,
f439e96147b8a78e702e842baed60dca,72.19,
a5860c3f74260e53ef1fc6cc57764188,77.48,
c92c063746fabf7f604c6d7c47c458c2,109.22,
bed4b77c87d42f39e485e33fea6f6a80,88.06,
497eb7e9a5c9eaa8ef7fe8cc8d97fd03,73.95,
cc8b58f090f5113477c77f4b73bf52e7,88.06,
f32858f7a71d6cba2fc747a07ea408f1,98.64,
b6edcc261e3fb13023ae9d561a58683a,70.42,
42605d1bddd4e106d587b2806541deef,73.95,
8675ef5432ac6879f7e8c315716397d5,91.59,
06178d42318440543bd09befd6d5fe58,81.01,
8c8f7c5915de7021b052251eaddf2c8e,75.71,
9fa75001f705bbcb11a367c962836196,93.35,
991a7772c8245b9a6dcaf12a116a0aae,89.82,
3a8a49a632ba137b0892e78587af3c85,89.82,
24e264dbc9568dd682359a5d5e6fc900,88.06,
f5907c3077f7d723e071f916cd0dd27f,81.01,
56d517e717edcc8c168a86689b6ee5c9,79.24,
0974f8e1b9eead7882b4b29d0855169b,72.19,
0242c0130b3f6931cb8e8eb1a7e2bccc,91.59,
b6f39aeb1290001ab818530dbadb0efa,81.01,
225ce687efecfad5dc5f69fdbeff4e01,88.06,
6f818fc7228bbbbf0a1c00c97f414c87,89.82,
7ecf49c9fc31a5dfd2375fcdc0020b98,98.64,
3adb6741f647494b00044d701b96e934,79.24,
0f5c7345e30fde9b82ecca3bf44a43e2,93.35,
896cb9c5fda3ee2f0b51f9c0a295fa32,98.64,
e8e2b9cd14b9ec27bfce306a61b6e8da,84.53,
7181339c98d0c4f92dfb049b86c63a77,114.51,
57c2a87339df12eebc28a560de7ee778,75.71,
94ccc54ef40c77f25910ba81bad3ebf7,86.3,
3cc21ccb97e5548de2eddb1f1ad16e23,91.59,
1076a765dc20c4b4c208b1966acd02d0,81.01,
c854cbbda2a549e5ee3658b536cba738,91.59,
cec026eab28e2f25563deb5e77247d76,79.24,
4ece126f6477f8de38b98d6f4a76486d,81.01,
1bdbfd0d2ccc6b039d795e53e8f2a8db,84.53,
2d427d8c0193befb55f564d89c5e860c,81.01,
354c34379dd18857b59391efe2803c8e,70.42,
26a84c58a7d1a38c513603cebbd8b550,95.11,
d6da1b2d68a0862ff4f123edc63e9a22,98.64,
d93f15f1ac36560f8d8824ca63fc9344,105.7,
6ed4f3b27ef6d7d538c441f1213cc97d,95.11,
636299f03860c9d3d1101ddc64a055b7,93.35,
7ec91360f69955e333ef928cdea2bc21,82.77,
3d1657a6e13d55d7f6b412a1f8cf7fd8,82.77,
fee7b8320aa283af3c05139d654d0c63,82.77,
9f422e848866da84de5e3466735493c3,103.93,
42d2c829753795edd057c2471f930075,88.06,
e4bcf5078374b316f54d8b8c60cde8ec,105.7,
2fc54be7911d6fdb43d155d9942cf613,96.88,
00ab1881f38040713f97311cfa89d0a5,88.06,
b2fa4dc55662081bcac322b7f2cc9942,89.82,
a184a55921e157a009b886aa6d3ca4d1,81.01,
d47f73e0027040fec0128ccdecda97b7,98.64,
96aa4f4d734a2649ff8bba7fd6613913,91.59,
ac2ca7772a129c4e6987925b8c716412,88.06,
b0a59ffb676cde65e9c372025a6b0c44,84.53,
be66abbf6de3de75003ea2ded76b4f4b,93.35,
62a210e159d913f36c7a1dfcda01442d,95.11,
addabb45cc8b70bd53df9055f8554d7f,82.77,
7a4c4e999956d41e8c96a5bb716a95a5,88.06,
70ddf02c42234c61a4d491b74c452e36,82.77,
4d484d054c32914a1d1d36fa3356d138,81.01,
00c21b9193ce9da7c4e0453c6c2ae382,88.06,
75ffde373197a52d28822bdeb02624f6,79.24,
f45866130dbfa99e93cd9cab8efa3ba1,89.82,
457a7f1741acefc77793808a83f4c29f,84.53,
c58e56892fd37b44ae3fd2e143938fd9,77.48,
0c9e7136d77ed1fd9b222947b268cc7f,79.24,
9c204c0fc9837bf3d98c868b8b3c29a6,82.77,
9ccb5facd66b04f53341be536181a2fb,84.53,
f57230e5c325ed1e0b2d73e947a05bc1,81.01,
d88b3c566973af55d7de33138cd2965d,88.06,
8aea76d927134034cad3716f41c75a46,89.82,
b97633e7a6618e2a2a32afd7ad02b36d,82.77,
73a826e6d45ea5f7658978fc7b9b09ad,89.82,
bbc9c6311df06b36899cdccfa39540e0,86.3,
35c559f4972418f502a1036b98a1b67f,84.53,
6b8ba1845753202b7613e55a514b6788,82.77,
62bfbffb916b5922cce000e0cb826f31,70.42,
666dc8607c1ba00397957321e7cc0448,82.77,
4c264b12e8277380580a59a8e8e5720f,89.82,
d5fa9a732b72e3cb27d0cf5598637f36,93.35,
6dad461a143bd1539cf1dc4fe737ba2d,70.42,
d7f72a57fa5d8d23895f6d950ab07bdb,86.3,
b7aa771724e7778fab05abb168dea0df,88.06,
31de9b64e964eb778e9f24ca59adfdb4,82.77,
4e646cbe589778fe373e45a9cd2a3e6a,82.77,
1cacbe12898ab0327ce4228622e54e2f,81.01,
c563428bbebe8387238f63d67570ecba,84.53,
51826b8f86b32f71033672877d525b29,82.77,
33b4c048e61eba305abe6a7f252d19fb,81.01,
141ec5d5f5afde1286f02aae87d42013,81.01,
6c1e8da0111fda277bb33168837e2ced,81.01,
fb8058cb891d7b5ad44b0f32ca9cdf5a,100.41,
49ad0a0b28e898538b4b9291aa46afea,112.75,
7f608937d93f7ac7849f34ebe056fb0f,79.24,
6085b82ecd961ee0ef0845980f3252ca,103.93,
b641c09d9faf8171d057aa11ade07144,70.42,
6fece252845682f415709f9ad41ac350,75.71,
fb6e497bedae0ba42e2ba6060599d921,98.64,
68714ccf25e79bdb76fbb8a12810a128,91.59,
0879251f6c97754b8f59bfc4556df018,73.95,
095f9034ec7a57a7ed2add03c81deae5,89.82,
0b9164b3f5c89e7b2b9da064c528e62b,81.01,
1014a8fa97bcfc86a0494c4f70bba578,89.82,
d6ef8d21604f89d54abe4cc8b2f83d21,88.06,
caafe0e114d81a7921a9a90c0fc88e8a,81.01,
9d9a8db751bc14b3d5c18c34f0c3ebd2,89.82,
edf567a869089e3b59347dfd973556f4,100.41,
d9cdd17056ba08a26ef5b6ad9a2e2030,96.88,
e8abe58cca286ad036252ebdb1ff611e,86.3,
26bd1bbcae482c7fe53c0f4392f96aa6,72.19,
314fc0da777cf7ccf7ae79dbcb8722da,79.24,
bcefd356a968ec78b06822c21b6575d9,81.01,
023ef365e2ecd70af7347e92fdef433d,86.3,
e8ba740de79690f653e8daeb72f8b217,91.59,
ee38fe3a6cfab581d814f752160d5db4,128.62,
ff91456d0782ba887073c3f1f137f873,96.88,
ef6ae48094eefaf2e722c231f5efb743,84.53,
bc37fd0216a4f4ff87c672a8e7c4129f,102.17,
c89115d285274367ef05889b2402a8dd,79.24,
db7b78c698494a03f6e50d52934c23a3,79.24,
5068ca4c516f80cb3d95e44a63489a85,88.06,
fbc002a4c4cbaad2e0b52cb1205b16a9,84.53,
7cdf9bf364f665841ac4de8b8ced62b3,86.3,
325d6618c3070b397e69ce80391805fd,89.82,
7db1d0e7a111907d13cb1419bad2743b,93.35,
fea489baec891d4b2975251b6204de19,95.11,
b9cbba99e802ddd783ef29371661320d,75.71,
904878d25cf56b773e5e9ccc6ae9392d,96.88,
9783d68ac9f898edfdbf8e11a142b686,86.3,
b8f12b40a81fa582b355234b9cfc3349,75.71,
df8b37a7e1dff8bf7d6d936522f9a7bd,89.82,
c56666f41dc2c8d87adcfd483194f704,95.11,
fbb676bb6ccd62df3b112069e4f1b817,75.71,
bb8c622f247852c443536260daa6f385,102.17,
911eb66418e9d0573eedde1c497036b0,91.59,
c51d2c1452aff49bb1acb80a4a222a45,96.88,
034224da592c02f1cc155159ff7e785a,82.77,
59d0cee93d9f46899a3da67cd1e43293,95.11,
898a6e122cc623c9db3b77b3f15b34c5,96.88,
1b665d4e737dd0f29a644f83f9f20f41,88.06,
77efe49d6ab697d7adeb402be630b00a,91.59,
0708277a79e5bf65a65cc25934174e50,102.17,
810af8e158ff4b9d47283a1436d22039,105.7,
ce20d1d73adc63972e2720347f0aa00b,82.77,
d265d651878488e4daf4b34db34a7ce2,77.48,
1bf6fe82fa524993804925301e229f36,100.41,
f7b550f4f953deb4489176e63a3d72eb,77.48,
55ea3b3116be3d7da065b3dc873d9942,89.82,
c711dc5f356712d9ef9162d4703d29b8,77.48,
1ebfa999b36acaeeb6ff6603c570d830,82.77,
361fc1f64bfedcb685c2e879203ba67f,81.01,
f03d031c9ee8dc9f5519568154c31616,86.3,
4e878b1bcff7520a633aed89fa15ca3f,91.59,
50ac0961c0c14cb072f3e58ff9f39b27,100.41,
bdd5bfb37c46d42129482a2707b623ec,100.41,
4561c34503330968430ed674f6cd508c,73.95,
8a9a932ee97b6d23e2c0fa3bdfc6a166,79.24,
b9426c04a5a6a32ef10d9087c5771cfb,102.17,
1770a9473cf5a57d785f2fb28c92eb5c,98.64,
ad71f873c0b88164c878f54881d320de,72.19,
577f02d8611aa4078388c1502573e238,89.82,
ea8e7e2423bf28711b6f03bfb823a640,82.77,
54ecd590752250feab176f25105fb69f,107.46,
417abdc00107dc23a79a446b7ab9e82b,84.53,
812ab126fc9aec95a32668dca44d1474,93.35,
f3ab7696a710155ae9b0ad37bc0f30cd,89.82,
5b2decf371edd7f48940a3f7968ef033,72.19,
ef5c6faa5cefc010351f43da5b76798c,95.11,
69ff7952f42e2a2d5b8e220909f77e72,77.48,
6653de1eccebf52fee049fa7b68efa06,75.71,
3a03b1b1ca37f739c1c583b49cd6b542,82.77,
9c9052bdfe4f9871461b5170e34b1d37,77.48,
8455c14f082711237ad28f1ef92e9566,81.01,
5e15813d71896b342c42a1698800463a,75.71,
761fe52c93e2678735567ea651b91173,107.46,
690f5f7ff654abe212c814f50af4c64a,102.17,
b830e7e96ab11e36530c4acfd552e24e,81.01,
32f5cee9a2c3c3a8b5850d7a90a7dc4f,79.24,
4bc1ab49889f5315f1d1d8d991e92cfc,89.82,
034368441b6faca0bfc6259c5d45270a,77.48,
8c751b17f683c3dbc8a49e2a31e0e0da,72.19,
7250eb3944f4a3a64110172548805c65,93.35,
be43ea62a223e4bc66d3daddcd65ef09,105.7,
5455bfd3410b3fc1cbae696e52c21c8c,89.82,
b90ad0052c0d35cb97bae6ed9861db6c,88.06,
d36bd7f3ea2fbd422499a6096236eecc,89.82,
3cb847ce883ba035305f35e22a0cd8b3,82.77,
df5f92870c45f8042f00e9bc1eee57dd,98.64,
314782989e179ea39c49b16c8c6dd33e,98.64,
3222e3de15b02f4e8f4612af1ff3413a,84.53,
b9dff4ae72dd248dcc55b8e992946fb4,84.53,
be9bdce28eb330cb07c778aa2f3c3799,88.06,
c8ed78769bb1d695e71fee19c62b2726,79.24,
24a012591f03fb3e88d2641552168302,79.24,
16f02c3ee50202be98dd90dade61ce24,88.06,
bcc22f29098eb7f7fbc6bc163b5bf2ce,100.41,
43f162e013f345881eee857d8f3c645c,91.59,
ca7a0b917f9f9a7b65e22d537d9338b4,86.3,
519464ed118c7ad88b8a99d8f7854257,103.93,
52fc2870da2229bba83824aa444b1ad9,105.7,
b6e821b661521aed5723d9d43449c9c1,79.24,
cefbd87c9cb471caf01bf4d4ac88e9d7,88.06,
6767465621603bed1dfb7b6e0d5379fa,100.41,
a74cd418f5469007bc191eefe830d07a,105.7,
e5bbdf7f9815a076708d117246a4994d,72.19,
2bcc721a8145ca0425ca41444c9f2e34,75.71,
88ad384d76f3ea0e90eec536e28ace2e,89.82,
8f91a3217c5c3ab79e7dee5b03e95b14,84.53,
bdceb394334c573b1dfb6039835a1e0b,84.53,
3d704e0adf152ea68bc7eb47ae21bbac,88.06,
ab0893ddf81cd79171c29d6715fe1cfe,81.01,
8a3e812f3c924d9978c55e511aaec830,93.35,
bbfe79c157a4d45e87d06f6174ab23ed,79.24,
367227ef4126e5d4b0b8e4bcd0f3dc19,89.82,
e3df1ebee12d4be80075bda879dcd06c,95.11,
4557d7cab9df964bdac4ba2be33f41b1,75.71,
ea8212e394d36813241f5d4ffe22314e,89.82,
d4add358fddb67883b379f4e602a7b22,89.82,
55d5a23b9404b60fc1fe5dccdc46baff,88.06,
605914f040ed630039e91c2cb12c620a,84.53,
6d7385de2960c6f2558a0b4cdd5517d1,89.82,
47534d4829e385e5643178fd24beac65,81.01,
06b38d4b49cb8557ad068bf739c5bc8c,102.17,
fecfa8946ac3d42567a7ca612860b7e2,96.88,
269c7573fd109c3cf96ce55317fb72c8,81.01,
6b9d9cf91e33a4464bab0d48e9b5aac1,93.35,
4baa513ff23feb1df8dee23941166a92,88.06,
f221da6aba3e05ad0d94acc75e31c4a1,103.93,
71b1a6ba3570e7bec422dbba1c5f4a76,79.24,
bce26a3326c612173e3a3864080e84b6,96.88,
723a3f4ce8d054ed9f0f217a6f21afd0,70.42,
8cb7de70204d3e60abe2e594502a5019,91.59,
69ed4ba08f5bca0ef9adf38eb5737f60,91.59,
676ae8f01e205211693d0ad700980766,110.99,
826b4e9a11efb0514d51c2651c680996,77.48,
1138c98e2271871145136b3845e516f6,75.71,
151eb6c90b8b1409c12fc7a7d4ea436c,82.77,
ccaccd20502da6856ac57b17a31eda83,86.3,
c27457a3e444871a587f329b2afdea16,93.35,
ff7bd7b5e33e4503af6c868cf5d19768,81.01,
9861f988dd44a3b6858a0a7b07d4b072,72.19,
68a43d1935154332ac0f0eb06811e10d,96.88,
27d51f36d49e5440b3b671870a824d5e,89.82,
acfe08e62f9d8024406fe484e1c8affa,82.77,
ff5ae12c3debf1977aa7f0f3924d58dc,82.77,
9956cf4ca8f51b193da6b9513bd249f4,93.35,
42b88f149cf6b3ae857f3f3177c84d40,81.01,
2fe343cd6c297c68b24f1d90f7d42226,86.3,
904f66936f20c2e300eab6a7da14e090,82.77,
4cc9bc2251a7b7c978247c58515db39e,102.17,
e6dbdd14c662c96da3d4eaf66f218acf,86.3,
7ff70cd6944fba10b25f7820f8962f6f,86.3,
9828ff257d940f9d10569751b8c60974,89.82,
8ce91c7bcc1b8fb04cee7dfa3f02a786,82.77,
979bfd451aae79eecc045957cab51253,96.88,
a528c0c813a0261f3a63849cf5dff641,81.01,
b7c0919e8484e4741b762c5ca9c12a7e,86.3,
8bfed3cc8d7c9e3803cecfa8c2139f6f,75.71,
eab25fe8e4df4a0aaf53905636208fc3,107.46,
0dcd8ae5e5c0f07949cf5bfab02adc3b,86.3,
0ef18b906d957acf457d4b81ce5db743,81.01,
c6fb0298b07d2abd3a4481681a8406e3,91.59,
51c530d87f40208b2afea0c1b82e966a,110.99,
d0b55bc360c36757e2b1d009fa22bb4b,84.53,
385355feb50079cfca60fedd72ff9fbd,79.24,
bfcf4c3b409807f5e7ac5de4c7f011fe,84.53,
056ebcdbd20970455452bdb6f028a5f2,88.06,
890b65a315c95b20abdda583c4e6f55b,91.59,
94d56a74568ec95bd9df8413d7a2f9c4,73.95,
703e6a1670641b93e599aec6483f8a7a,77.48,
a8935fda80ff45356f5cecab16919a90,88.06,
19ae7b676bd7863ead08640090c44d63,75.71,
b6e3b5a82d94a6e63a242b6230634d5d,96.88,
e93c86aed44a86ff5b1837069ee67318,81.01,
6bf30823a5be4463c5d00dae5a8e7b0d,93.35,
9334821189bb9c9e35cca0b98fb4beac,88.06,
18e999acf880fcd507d3ff744438daed,77.48,
d328ed4d66b1c55b87c7101121d89855,89.82,
a836f8ae45ab25e9221c155a5e4cc9e5,68.66,
1113692143abd1b04de0d6c57455854d,81.01,
0ada56fb56f223b9913e845c09a039ba,98.64,
ed9c9dfda8fbda4924985afd5aea30e6,86.3,
d2f8beb26271e4cfad005f3e74722713,86.3,
2c99056bb91b0202d8546ccfde75ac58,88.06,
832041220b6790cd5cc935d743dcfb0e,91.59,
5a1fd86a2ea880f629eacf6415998b5e,82.77,
8e2564530b9b93399ec5b433bc50b6bd,68.66,
ad8d36b2ab6268f7a7b8340a9b5db804,77.48,
fcc9037086e3a9148a83bee783ad3d0d,81.01,
ebd8cc444fd216924444ccb6000bb86a,98.64,
b5d1a53509b33e8ecdc5e3bf7d78c538,91.59,
8cdfd3a41660b1c0a23e7669a291d188,96.88,
d6474e114ae0457c243365b2bc95db23,81.01,
26760a913ebba44447d9d618d3a2ad9c,68.66,
499572ad747cebe0d8bc0953d0916c77,88.06,
8a925414104002d6e600b77483f20184,102.17,
86cc1c60e02554375feb9ee8b09c94ee,68.66,
3a3e1943613fb4e679dd651120e053a6,93.35,
74dd86edbe17b869aec68e5f6f11ae49,88.06,
a2f1968bb6c8f79dc28225a0d6d2e6f4,79.24,
af196696a3df66c4624c4562164d28c9,82.77,
22998b3830467c46414ca018668dd8eb,96.88,
551a50917690158ed1bda336f54c5c4a,114.51,
8609ec8ade95c044cae4944401f7a451,89.82,
561e3a73d79830b03bdc24006ddf2fc7,73.95,
1401e28250d06d0071adf24b2e4d1c9b,96.88,
5b61840b02917fa46989015e53eb3865,96.88,
378b67d85f56260b960fec094d2daffb,73.95,
1b7b5d1d9cd94abb9719e7d68158e0be,105.7,
f0223bb742d53ea26164be570966715c,103.93,
455d70b3d8a3298e53d98a311907bfba,75.71,
d0c11e38c9b7f1e524f87cea271f355f,82.77,
dffa22c2689aa45d6efdad5808dc1d53,79.24,
7b0e9317f7a24a5c25fe4e6720432309,84.53,
0a7f901f1f56741a11246c5b8d72c3b1,91.59,
353ff91358039e9f98a9077fa768eb14,81.01,
8af72e435b97333a40ff2c8fb9c40741,88.06,
65daf0a851381745aeda9502479b1b15,88.06,
f64b3ae1dac8fdb48235cb322659a4d9,82.77,
8ea2034155429ec0c8ed3b9d622e23f1,79.24,
268d71679a2b159a2afa0f02360f1583,93.35,
25c3ca36711b545584c3342adcfb1c25,93.35,
bd38479391e024af64f3f68beac04696,86.3,
46910fbe7850cb6bda0b463bc8e94168,98.64,
4d400e539e545055313d06a05fe38d86,86.3,
840d88b4ee6673e172dd6e83259ec7d9,91.59,
2ddbdfa827f31ff2ba0fcbca868a00f2,93.35,
dccc970b3a131c4334c3bdd1c4f00930,96.88,
dc2de177395b8e15d74d8aeb61d25025,68.66,
c2ce18468eab171d699410a673a215b3,70.42,
41233f0d521485e4c19f2d8a7ec985d2,89.82,
85cb925e0fe9b44637ab1823e0b073ab,75.71,
465b138516601fb6e156bbf7a5ffacf2,91.59,
bd766bc5b461b15bee19d7f36067ce3b,91.59,
c326abfb2cb7aa0f3f8346b71443d43d,84.53,
b03079c8eec0eed71ecbcce5b386b5cc,79.24,
7133512fd7a30447c592fa13963630c6,89.82,
da87b9b3f90ea20e7b834293f7a4efc6,82.77,
352daf64ae0cfd4bec35fb21a80ab846,88.06,
d2aba01032844313f46558595d06adad,82.77,
e1af057c2bba3b6d76681ef7a1d36de4,96.88,
4a0fb31db5b8b89a71f542d2967d9d7a,100.41,
4b1595d0cce2b764083135b3c183385e,75.71,
ed41efd330f119603bd231d2b4685676,89.82,
a937020a6ed5cf4bc78006a330687068,86.3,
e89f3503de933cbee3d05e8f4e3eb5d7,93.35,
1028f345640763e5d885da7ea37d5a09,88.06,
9c408d430e13044c661337c736959a4a,103.93,
4a9c7f99db1cafd9bcf927049fa5e133,84.53,
36cacf114dfe67c9d59d1b2060060cc3,91.59,
0c70739b9db6936e093d5cee91c164e4,77.48,
9c2be713ad60d7c7f51959321067cae9,102.17,
5e93ba892ff71294388dacccfe2d9d29,100.41,
aed0900fea95ce458e311e2b303e0940,95.11,
423610da3007d8facf356a703b0c6e00,100.41,
d86a32d83c016eb87e38a20254f0a191,91.59,
9f828ed2120ccf7c2716fa510fea265b,77.48,
d468d5f03a240bddb540d24e51a81204,79.24,
56802dec2f4d36609f5b64aaeef85aaf,88.06,
9a300a8aa803bcef8d46c47e2d3173f9,88.06,
0947b0d4dbb15a2921ddf05677998a0d,95.11,
69e99d04f7098516f5a8f23a828bf5a2,89.82,
2b302ca9ace064a4ab670bf0ff87728a,93.35,
7abc079e3687daeb8d1ec63f13820a6d,81.01,
b01593e1bd82689920c1a3a4cfa69212,82.77,
632d0185275a44175e1d8b9c42f56a5e,72.19,
5fd6d5d5121333f2261a0541a1091668,82.77,
a50032244178f535f0921e1bf53a6c40,72.19,
033415c58727b100f8eee98ce8bb1e6e,95.11,
78418665018712cc0533c98a57528af8,79.24,
83d7004369dee76a4274808cd305ae04,93.35,
20b5ed3fd1dba9f413bcc23643f82f07,86.3,
67df57b039086960d6146321ffe7b6f1,89.82,
3f9ac704c715cccc0b88d71214d738c5,86.3,
1fa3ae5fe19390ebc9d965efc3495eb4,81.01,
935e5dfccbfdea8af99bb878496dfce5,88.06,
e750c62020cac4c87563992aaf8cbcbd,82.77,
70505a2780cd0f2a2ebdb41d5d5f2710,88.06,
e0548d8a5c2db84037f5d288276a6e78,82.77,
9874f3f6aa582246b0a115432fd7c9a2,93.35,
795fac1872b4c699bd48047b03e9a635,79.24,
a7d77e1e8d4af3e12fa59b3b6dd4833e,77.48,
7283c3ffa712694beb8f0c968b950c01,73.95,
c0fe75129382338fa00059a46b1fc8f8,70.42,
a88b5ee651331049abe01c9786ccd788,88.06,
f523cc599cd05fd16ff74f41b331ef8b,82.77,
ff4a182a2c26bfcf0548bea9539d3520,98.64,
41416db311523e2ad5900866fa888537,89.82,
24937ff642ec2fa4aaa9ab469de9f397,93.35,
15e697c31379df80b291522025feda81,100.41,
6e5eeef091935aba9222a5e096c27adb,77.48,
c71b200f34e7b3bcad70849c5d505720,89.82,
b05b3495b1f689b9c26d1d94713f7ccc,79.24,
34e44c93bbfee45135e1469584009ec2,70.42,
a7258afbdfb0174c5f80ccc44e8e32c6,91.59,
c9724a95606aa73e90d05de3993578cc,91.59,
4167a227c69425c76b777963f67cc4c2,75.71,
02857778fea078689ba58a681a9c7105,84.53,
d23640d927c04b2cfcc04b1b99eea906,89.82,
33a54240bf2d4f39b3ff54b76f5cae90,72.19,
932e8dbcfaaaf8c040c66d181b892700,70.42,
97ded7606cc04034599f7e743520b632,93.35,
9928123c179c0b90ca03819389eeb603,96.88,
41f97c7f91ce90a25ef801af7c902254,70.42,
ca441a5f07cce14cb288570f51d43929,79.24,
3ed498967795e5e6ad17d238225cd4aa,72.19,
7ae04354a708e2194fb787f8a788b9a7,102.17,
b07f90a9575b4fbf9e45f5e28b94fe21,89.82,
8ea26128e1c891c7d70415183102b063,91.59,
0c0ee2aad363d812b2474af6f4d985f1,82.77,
dca1ad944474287f1d5898de945d9bb7,72.19,
6dd6049ffa562bc98b7a29d295ea9759,84.53,
03ba1d74839ad4c9d4feaca5e440a478,86.3,
92be5d32cb46274c114637bd70ecfc15,81.01,
37d9bc8f0da1a325ce544f0b557a3b5d,77.48,
21a7b7ab2b13c3fabe40749a45913587,79.24,
32a60c0b3aa6b81f29313ebc8d0efb39,89.82,
dbec324e5c3f265ab5ae5e50409d0705,88.06,
0c0b4a1494e6ee7f0bdade5d3eb45bf6,86.3,
89742fe2850173e03edb68c5c3c268e9,79.24,
09338b4563544d25ad1417fda29399af,98.64,
34bcadfd66be52da222582b9701235c6,96.88,
7dd83eee3e7364871a6f1c3468abc283,79.24,
02ef07895423a7a7d7d423530051913a,95.11,
e13386ac7ac3b565f2432f8aaa120cee,89.82,
e44fcdef06b6aa3f93bb7ae52b641cd3,81.01,
4ddb00f6b59da980bceb00fb902a37b5,81.01,
d602692ac877b5ef8114b35ab348cd71,88.06,
ae33b12ca1241edbdb07b95926a885cf,72.19,
abfb1c1f837dcabcd645edc641674a7c,77.48,
2768f5aa329d7dcedc30bdc2fd675421,88.06,
d73a34dc4f591d7dcb70062891edb302,81.01,
9e45abbaa61304121fcef1f21ee1d5d0,81.01,
8bcb04799eb4901d465af8f5c6ac989a,75.71,
6acd5ad78520ad3ec5a09b2c6b5fc4e9,91.59,
d8000dd6941fe75aadb43fa7a2280497,93.35,
94c033a3632f813349d2d672f4356b58,68.66,
67e367b81eac604dd7888a1465f3743c,77.48,
94eca8d330d8b921192952d9f0dff75d,77.48,
0184e58a0f21c8fd5b3163ca1a7b01d3,95.11,
18d029ae9e4266dbf51ecbbf07e7315b,73.95,
d8b2321c0e9ae93ecf5e100f5becccb3,73.95,
5a130f75f684cf2e465970f1c6a1e482,100.41,
97219aeb24195da6f665d1b25fcbb50d,91.59,
5144fa886c64600ceef50c9236665616,77.48,
0901b5e7d10aa1a83a57ce6210a6b9da,84.53,
83ec61ce4865ccc03df70ecce15c5f7b,79.24,
c33d7f4e73d02c6187be5df9879bdd53,98.64,
f7bfe0152a5a0b18879d1ad431e33d86,84.53,
db1b0a68bd12892e07689341053bced1,81.01,
eb704680d5ebe8f7d72c2aaa8ebc5be7,86.3,
b8088e746a8bfd5fb5c790cce2e664a0,96.88,
76453c945ff0d9bdd0e27a6220bb1925,77.48,
384d9349fff91ea81f17e5e5a571a8e3,77.48,
d546a1a2ca27daea93370802cad061b4,79.24,
9a6ae344b86f65399db2f9d7f4af9871,88.06,
918d25b6ad2fc559f05c9c938333cffd,93.35,
0ffed6227429d5b75e44b20e1616b12f,91.59,
3958c2cb0123701545ec33b732f399d3,75.71,
175804cd87278a8c1ea6631ba8fdc076,93.35,
0bccdd84f03ef21fee2b23eb1730d84e,89.82,
09644b5d06f0b78b48c4bbbacfe64e3f,98.64,
ce92ad24f704cde85c73db19f1d018bf,79.24,
cce1759265441d822e8a73e428d9c22f,98.64,
3e5fb4a628e9fcb34f0899a400c81672,70.42,
4a1b2d156761a6ee12c51d501e04cf66,79.24,
aa65e5db45c5287962c4e199bec136d2,81.01,
3d6cae941bfd88340c3b54615f2c9118,68.66,
48e24bf4ea28dd4c59da0a1c8555b78a,88.06,
dd283cd99cadcc0389b75ea6217b5983,93.35,
6be3ed3e8940e46870b48bbad69da24c,79.24,
da7a5d8d150c6c3123c1da67f066f0b3,110.99,
a596f306fe8ad035413bc8f5f16585e6,79.24,
7279c90cfbdf9c785c31bf3b12866c34,86.3,
444abb3c0d20a1a17b058b17c988f648,79.24,
69eae9e4a47f6880fe369cd352ab0790,100.41,
08b8f145ed9a02dfb25c9f419afe6265,75.71,
ca91e6a3d8d985caf9c09e8ca7388afa,98.64,
7e2ef9d10d1482db6faaa5b0a31683d8,82.77,
0285f5659cd66b804bc4f201755a67bc,75.71,
a810f3dde82d937d69a650c97018ba53,79.24,
ad8a78b2e0c34c7fd407389ac4ae35c2,93.35,
a5bb6daefa1bdde177f15530cbd645bd,96.88,
6d947945a28a2980dac4639e158823c6,89.82,
6e22f2a4eea0409248d302745a004a97,82.77,
5ad1c071ea9774defd63e8039bea3943,105.7,
25fb6694ea5ce113c29e51578ddf6024,79.24,
1ccde430cc2ddd3453da09fa8b330a6c,84.53,
0b66dc6aa19392764800eda7f688fd7e,88.06,
4487f4c06d7a078594d3358ae2664811,79.24,
d574571f444d1397b926d9359d163e87,79.24,
035abd93733c487514da1e4c599552d4,75.71,
f1122a257f7b2537798b00ba6e92a6ce,82.77,
ad2d9b211d884aabdcbdcc9a4550e9eb,102.17,
d5b8f9d31f34cec79fff1efb5a77a0f3,96.88,
7183491511db944a28f079ad2ab6794d,81.01,
77aa6faa2b9fa6781eba7b5835b41f7c,86.3,
ff32a9557da9888ad6247b7518f4f0de,81.01,
aa56eed3b5f5f04e88afb509cead6e01,79.24,
9fec4d1c379ebf2ec6523bab5e4fa414,103.93,
597162e4e91a253b95505b136bb3691f,79.24,
d77b96a29db956798fa47c6fb3b953c6,82.77,
39f70b66e004f6b0146a5d522eae01eb,84.53,
c7df7f8f14bdba3fd73341f7756035db,81.01,
b53d96d850deaca270b66d15d2c84c08,77.48,
01c3041789bb26b2f7dcc9cc268fc42e,91.59,
fa7afe77aed98508969aac06bf05689c,81.01,
464456eaaa80787c3ab59d1bad6f8dfc,73.95,
145fde6eb94392ceb245f4be5ae0490c,88.06,
efd4f8ee7998384e2e6b5fb33264b575,86.3,
abd9d0527dbe08c66d5e2009693f8fcd,79.24,
6860b865496a262889ce1782f65f3e29,77.48,
c183d5e274d74df7b0c90d232eb91ca6,93.35,
c6ab0ff8072a755cee473e8fbffb9356,81.01,
1daa33677e5e897d09db75c27d67b045,86.3,
f2982c7ec1e2709dee2aaa0bf522cb68,119.81,
d89a9f577e91df3c664ba411c7924d7b,95.11,
ae457b4813b12a7317b67f9c2751533c,95.11,
11476280fae624a83835bc3389efe9da,84.53,
ccf73768b216866f24e594e96b394301,77.48,
f722cb02e4f22d591d0c2b7e3aa38d2b,77.48,
f81d9f2fe8400e756f1af8c26c125ddb,89.82,
d5fb62b71c35ac530db041479eca656e,86.3,
e90170ed486d11af43a05749e83248fb,102.17,
75ed20a313c8b84a593a7188bc5d11de,98.64,
c6ddfb168ca7aa5fb07cbde21db3fb69,118.04,
533940827bbc39e3f09470ee4de37b63,84.53,
9bb272218df1128493fe41ceb2972716,96.88,
d7399580f07246d2c88f5b6f9ae62ce9,77.48,
02024ea3eee36f79cd3bd619cd1eb212,68.66,
499bf5594b2f992721e91b17782ba1c5,89.82,
b34d3c5d77314bd9131ce81e1aa85acc,105.7,
3950ff76dd406254928060e242acd004,79.24,
dee896a8d6c546a96a0a7a066574d68c,86.3,
7ee3965fa47d2006441af9ec66c31837,77.48,
6ea720a36e3dbc19ac642b04bcf8f5fa,89.82,
b7d66fc9333de0fa121221b8028c6f46,109.22,
cf4424ac4b9dc72c52fa65e26dd57dbd,116.28,
be83b84c0c57bb8c42e02c739fdf614f,84.53,
7e83f8dc2ae8b06e557ec011b57fe0de,89.82,
bbf288bf785948b78e16c912c7ba724f,82.77,
40f248fa3370452f31cf58aa84d74eec,70.42,
3828ef49af9aeaf34770077ef109a004,79.24,
c8389bea25ce56dd6ac155c716676345,93.35,
5be670e96507982d8b0e7308964577f1,102.17,
00f100695050abf2f2d738603db7c7b3,77.48,
8674ca7ab02ce124ec5a1dfe2d302f44,89.82,
abbabea592b3077c56e7bc60b5596eed,82.77,
085023671b281db0b0e85f61f6325a8c,86.3,
d79c7683b6537248e3932491620bd2ad,91.59,
2563cfb1669dd0123070d20e34d99aa8,110.99,
9b2a4576f7b13bcecd027c357887ce37,95.11,
2c116e4ddc9f92133cde4f0b79df08dd,93.35,
9405946f5d7c75dd0ee3e4381972e5d3,96.88,
4490c7e5483beaa8992440926ab49eec,79.24,
67116f5c67be678f6a1b5f26b3743431,81.01,
4b5c0e12cb910be07adc5b0dbbba9036,81.01,
f6a953de57290a7db3b44bc5d998118a,91.59,
66871f530317f9e4908e26c3f4017da6,77.48,
1019b2cfd0c0c5839630ae6e0308bf76,77.48,
9e9b3ebab5a24cd274016c3c129ef105,72.19,
47b0786b1c41a3c2dbb2830629440efb,89.82,
0c9d2053042f863607da69592581a914,82.77,
55502b68100f2cb31080a90c685a6683,82.77,
653868cba1ca4443f944c35a2dfcfcf8,75.71,
6fe5235291ea2fdb09bf299ae4cfacd0,79.24,
b177e1f1e29e0f4789753c67b19803d9,84.53,
7a3061feef4723c61519ef157099a2c9,79.24,
b2607cb5ca98680976e821841870d5db,73.95,
e178826f0bc04ac96638988658790bfe,91.59,
0f7ff95b87a2bbf12f361745067e5c48,112.75,
767207941da69e7d8e2ba2ec93d26c67,73.95,
f55e6bc54141154a69baa9fa3f1adc20,73.95,
cdd7ede2672436c5cf974ed8aceb2320,95.11,
7e30c42ffa91a930cf04febb12fa63db,89.82,
0b2e044b70c92ca48dad8271f743b7bb,79.24,
73551d0b2832bf2ce7460c17403dc3ae,105.7,
b057ce79a095cd91a3ea4c1ca5f8b446,72.19,
52ee9fcce884450c1af7c9829bc6e25a,75.71,
5b7738b8cf9325ac318060d356e37b0b,88.06,
42b19ed8e3915d876a9aeda0f83e0ce2,84.53,
a170e46ac171b498a60eb60ffbbfb558,112.75,
73af39365e3a2ef50e0fe40b9a93f623,95.11,
986ebaf4cae88c3d3cb007150bdc59d4,68.66,
15f518158ce057fd6588f38abc518620,93.35,
ab9b6dcc1cab155faa8c48bc797fed22,98.64,
30d4662c4c1d419930ab28d86c36826b,70.42,
12e822db7a6116494b8ca312e76e8fa8,79.24,
dd1ddc9551eab44ca09727dae1b89baa,82.77,
fa5723ef32d569df3079059e849ec0d8,82.77,
075ce8c648d9cb556d876f8bfa1d05d8,86.3,
5fbd8b9cedfd93156901691e910027d7,82.77,
14a7e3a1643689a3f99abced63eef160,96.88,
990e764a310efa22ec375be945469c76,88.06,
aefc98e5f6ad1d76b2eb19c7f10c342c,68.66,
cb81c73c505aa4896a7f2896980d482f,82.77,
d756dc90fa3d8301b9e2ac23af694631,84.53,
c16422d67e7068dc54849ad44dd6e50c,86.3,
bde308276db595121b21af77913e08ac,86.3,
8263f9918e77dc9bb26e3ef9addad8e7,79.24,
cf06e72d11c65e923478e849108580c5,95.11,
ebba98dd8078a6bb6dfe3609a76375aa,96.88,
8f8db4f3a5227754092ae812536f4ff5,102.17,
587218a38912fe4d79b39f0d2cf2d157,81.01,
6407e9bcf23f226ae6b87f017f56adfc,70.42,
420215204f1a14568146b007889e0f71,75.71,
adf15334e660edbb26bb30c02420a3dc,81.01,
874d50085603f6c639c3d4f4fb4b3b9a,103.93,
ec610b65e38717022327ce78b867ef85,89.82,
7203da9f96cca67d9e4f386ce1142dc8,79.24,
a7f7bd1ff7436e893e59c8340a2f694f,79.24,
86bfc5fcd6054e4d5c79ba0e1f5d7a18,79.24,
b14f17cb3e7a939a692bfd2a6bb950e5,75.71,
eed185aefdd6071912206b4418e83ebb,84.53,
c653fae214105f73331d4d8e4f63c965,93.35,
eb27f73c6c6846a19a49edab4cddb583,95.11,
01f3ffa3e09680f0dfed5ab99d5c72b0,77.48,
78ddd7499bd94f0798ae8cc185556b0b,84.53,
43b099f8b4c5d298364e635a145dc210,81.01,
2a0c711eec29a05ddbc4d826ff201f1c,107.46,
c9a3cb1ec291944047c0ba0f3add2d58,95.11,
ef8e7036a4241a0788ea38a784002adb,84.53,
bea854e8f4421b059238949971fa6543,79.24,
31bdd5aa0c59d505d404a81d199bc4f9,93.35,
d449ccded548e26339ef3b04fe2123a9,105.7,
6f075fc16530dadad257085583c3a840,89.82,
d73ef60e7008eba05ab2872be1157ee0,112.75,
d11df63830ac432600c2341d4b4b7929,91.59,
eba50a4885206c24e27fbfea4fce0097,91.59,
158134d688abcbbc34e8ab7ce5e9c246,91.59,
4e2f4c57ad3a27a9b6c682e65d6a1268,79.24,
fa6c894c4b36d2bd883157bcfbd27af4,93.35,
2ca4d8811a2d381bc0eb1a9672d36fcd,81.01,
4ca69ccb9a90286ffa460307bee68a43,86.3,
f9331176343c8b008794fa84947ad7f6,89.82,
9421ffaa7952b123926d26dedcc60bd1,88.06,
960f7eadd638d7e7b7c319a1a6ca5485,77.48,
004f38dc88ac736e4454c3095f1208d5,95.11,
a0c8aaedb473d671570a24cefb45d6da,81.01,
c9676628b3f5bde013fe2ef8fbf0edf2,102.17,
105536bb78d52b2522d52f3e24417c1a,79.24,
7b64f679eb4d69d72a7923e12a908a6a,103.93,
08a10c3ee39c1a7b79cb6254e47906ad,72.19,
fa5551011a4e6e6694aa410bae3dc3e9,93.35,
b79e82dfcbf377c50f1f24299d923891,88.06,
f50e83763d13c156d273a250c539846d,91.59,
99443cf797a498f3f285eed85305ae3e,96.88,
4354ad347d7e799a94b13cc7a99420de,72.19,
44fc6324f1e4d5c7736e360c390ae1da,81.01,
8803ffd861cbacabee39121945d253bf,68.66,
cd0016383d5c1691adc3a843612dde20,91.59,
f554045439569eebedeb8f68a1c50639,105.7,
7194c9173ca8698bca7a01479fd82e0a,75.71,
dd04a2dc636ad63b6f2bc00f731a927b,103.93,
0db677aafd0d83c3e79afc628473a387,79.24,
5a7359dd02c7f4104b685b86b2f21500,77.48,
8c22aeae5cbc4f8265472f4cd841bf8a,89.82,
93b8d625435126f8a589892ab7500368,68.66,
3a87bd1b6c9e74dc65a4e15462d8fb90,68.66,
495eb182bba15c915d31e30577da9314,77.48,
9fd2a82035717f0011e3e8e3aeb7626a,96.88,
5b79e36c4b1e868ffb51f14b994500a4,100.41,
51893bab78da6ccc2efeb8973ed84abc,68.66,
4537ba2a2cabe3782b49265cbc3697b4,103.93,
96a05a07fce93cda45a7d61c7b04a6a3,93.35,
277de2396fce2174e25c83fc3d34abc7,75.71,
54af1b3406a3e40682d270bee8b9556c,77.48,
49f67a0186b3f5655675b66bd3ab427b,114.51,
ec3eae1a189e90d5f49a30259b4b3425,98.64,
32d9be9f5926c4c6d6c7a662402c1465,89.82,
cb099632c19db2b3bbd198f27b904910,72.19,
56642e1b85a9f4f86dbbb5af010d29a1,89.82,
931e6954fb610355c59cff90cf0687c5,100.41,
716387b911d4ee0dd743b44f9d8db3aa,93.35,
c3fd9b132b29ac7241096eb20bf1a7a4,100.41,
15db176e5ddc833089b0a984df59ef62,84.53,
0252bb56ea645c5f084a79740e0b2fbe,88.06,
23402096500c9a6f8e5f035e5715f934,79.24,
5b646fa2cfdb2c3d5a1d34dea098764b,89.82,
98a9f6d996b4a90f8e716130727b419f,98.64,
3cb932863da780600ecacfb021ee4ac7,81.01,
c76554313465dcd28c36f70e311a1d2f,86.3,
1bde2120ae1528865dcec2b5698ac508,89.82,
be280fe830c99de3367efd2c06b90858,112.75,
c586d5c02cf6dcebfa76dabbe28188e2,81.01,
34b3e604a99bb4d997670cafd50cc961,82.77,
a522486d01ba7b5cfccfe0612eeb11ff,82.77,
150e9d356b8923eb5cbbbef5cb56603d,77.48,
3c403ff4948799b17d3136a8f2706c42,93.35,
7b35abf67cfeb84b9b68eb668e7ae51a,68.66,
d6813711e10e30d850af22a87475e4bd,103.93,
0279e5266652383ab46828c18ba6be8b,73.95,
d7d9c8513be1c0b2a7aad5fe225879db,89.82,
1544e4bd35063ad9d3f0aac57d09b15f,82.77,
c5a9d3783034cf6ad65f83dc459bb50b,88.06,
df3bab5e1fe35baa38cf7009f5cf4bab,79.24,
98d4b0dd75368b5f8354411e807a7df3,89.82,
5f77435366628f5a66a011938050d9d0,73.95,
ed5171301890036029a76c66b65c9f0b,82.77,
c7e82c6e8b018160f26b1246aedeabd6,102.17,
a67d7592ce42bca8e16a1a07eb32a5e6,114.51,
033a889e651e4fa689b373850117c69e,75.71,
a12bca33af816486f10de947be007b71,84.53,
2cf0c3137d432b4e680b86c3e0575e63,84.53,
30f9abe6558eff98f061ada13b7d1158,95.11,
d19e4621de6ba64e9c0a9cc9da83403a,72.19,
8c29bcc8634962f630b72a113681529b,77.48,
83ba8ee7d072a0b0684d1a78d005b6f2,79.24,
786ee56f784466e414a644c655d88078,81.01,
9901e15f97e58b8fd5ec8f1b81d73c9d,100.41,
799816e29ffd098a1b2c0f30acedf714,79.24,
ff1bf65827082e74943bc96885acf0c4,72.19,
66fef02d38e0f9e6bd912e4c2d523887,75.71,
1ce868dc7266bc20c2c2407422bbeca9,91.59,
ae94a3d1d75864c251f4298fe495eb85,95.11,
943095888343dabce7fc1cc1440d5ad4,82.77,
9abd2fc90f2245959c0911e21f2e090f,82.77,
73927b19874ebe9ec69e575cf58737b9,77.48,
68591bed04268fe096c24f33d8071525,84.53,
2072a79ea269d6b9f63b18115821cb9b,86.3,
0c2fef2cd445b0951d00663407aafc09,96.88,
02463b1b6dfdfd327480971b515e2519,77.48,
6f1a35909e3639b93bdd828349205ed8,84.53,
7cc9b0aad894b668e4e73702afd7a7ba,91.59,
1ad240ee729382b6b514785313ed0f65,79.24,
cebc73e75500ce352bc78991dc2339e9,95.11,
bbcb9e280452981f452029a668fe5271,100.41,
84c96fd016a5ea668f387a7f8e841720,95.11,
9bbced8d28c9027d64b8c990ff0caeb5,75.71,
9c9ffc1da8c522a3707ea33c4939ae1b,82.77,
1fe405cd6c81b2f896aaba5f792d4616,93.35,
610dd65d321e4fc5232fa0efcec8507e,91.59,
6c31751d9ab116306819865c7bfcf2e7,70.42,
ff20fd22ec85d0722a6bf29f19623b2d,103.93,
4f4881c4ec7726dde61d23590379a4c4,86.3,
01375cfee3773a9eb006496b9fa5bab7,96.88,
9268c283cce8ec3a9651b8e80576f2ba,75.71,
e94c253bafa8e5f2b6381b51aff9190b,73.95,
8cefa1e173204f83ee7407f74e24dac8,81.01,
09f0c90589b1f5fe96e95e522e3bd033,89.82,
df7848c4de51a461736c1392f14f65a5,77.48,
17e6bc184d0af2e811e2a28bcce588db,72.19,
c8adbf2171b3a3247b8691323c5e19bc,86.3,
532b5fd910bed2f20101f390becd5dcf,102.17,
6ff7c86ed9fccd2c404b94a371c1c8d5,75.71,
5069dba58ef8f11cfd555ab5329c919f,70.42,
f2b53cc6cc2e82a3d1c428fb5fd21808,73.95,
5d706475cedf4cbfcbf4519bae8e3c5f,81.01,
dace6d7c2f1e24aa2839e6ffdb343810,75.71,
3ca4c67e461766b54ee9f87dd9ffb43c,95.11,
798be5e40db94c4591bbf31afc492184,72.19,
23e1465c38ef159c2b12ac24fc2e9722,89.82,
79625df3c73c187170b55a65a0b6c1cb,84.53,
cd5bda066e234268611eaf896b0ba515,93.35,
b4e866e0095e2ca88550cc06312c6231,79.24,
97584b862ae5700f509ebd77913bd3f3,89.82,
1305b90448b7bac7662af722428f13a9,95.11,
7467732daaef3800f2700a0c4cc888be,89.82,
7c3e03a5f413b3fe9608c88f7fba7029,73.95,
a95b9f79bfc2f9f8dc470990415b03a9,77.48,
a0ac9d9b4c8a7e71c754763ee6705428,77.48,
c758a7ac8a7c2a89cc4897c487e0b10f,91.59,
6737c7c88ff327887b37fd7a53c97ec9,93.35,
30280370240ddf1b042a56ace0bc440f,84.53,
06c6a53b7e8b6e05e6a9099a4029f8c3,95.11,
79bce4ca75e562692ca197ffc740059f,88.06,
1fe2aeb63f316f79fb279b5ee7669fe3,95.11,
6702a69cccc2779964734403aca09ef9,96.88,
ebebd36906722ac39d04564f7ada4c5c,93.35,
f1cc3d2cccf325459cb5ad6fa373c975,68.66,
b8fed315ca46596ecdf07af056470261,82.77,
f04c877cbd8de241a2440b734ab8b223,77.48,
fa69688ed4502d28b4d8023e847af542,103.93,
7ef124106a049c22cb50d0c80c58b3a8,107.46,
7c0a52c1175c753eb59dfb4a1b9a1463,68.66,
52d3f611c12ddfef3359a4c4c4c55299,77.48,
2e2e59c35a21e1e37cc537421b248e68,82.77,
c39a94e60668580a89faa8a53120fe33,86.3,
fdc09db145edb18384cb3220f57a577e,73.95,
55fb95c60c0c4e9c3a98366062f35e70,89.82,
3d6405d699bd38df1a0b9a1b07cbb103,72.19,
438ac3d1b232daa2171f18f1cc7c2409,79.24,
3cdc95421cbce9d168f12a2e1c5c37e5,100.41,
cb7777a8b9a714222a01448836cb5124,98.64,
fa99baf5542c6752fb119f50c9a109d5,93.35,
499f4a882f63861c1014f7ab24eb2252,84.53,
097c54ac8e6dede9903448495d95af14,81.01,
d94927e768e44dcc907d7a26633de908,114.51,
4efc0cc4ef582bac2715daec4d5b36a7,77.48,
d1a3f8b638e7bac4e36e0fe60ed59ba4,88.06,
bc8f92ef1d4e77c39c4c7e69ba847378,82.77,
f943a5ffa7079d9d9094c38b0d743fc8,86.3,
c2969acb338e391bd8ca15216a0e405a,100.41,
6e9b68012efcb775c40793d35fae6b4e,79.24,
4d11c4ccb9b0f1e8de0ed8ceed5c29c6,84.53,
c42e763581cc3149d263d65189e41230,93.35,
9caa1145dcdccc29de3cc3aeeb2b1124,86.3,
d1269fcd03b224298c0cb4b6714d93fc,77.48,
2ae01221009b99b6598f6e5af0c90f6c,86.3,
039be06cc01950bb6584f5a1136d826b,91.59,
2d88504f64afeb73428b84e7bc0992f1,84.53,
f84ced8f6011674412ee4183405c5642,107.46,
ec5c88d5088e184746e99b0adffea3a5,79.24,
733700350dd485018e2df56024ed1eba,93.35,
18606c92ce095656db0d39d1b3d9a4ea,84.53,
eb156ac1a3ebbf57b320338448cc5914,86.3,
e45905c17571487778350b17f721876b,81.01,
27dde3fd7c2fc34b64487b2d0bdd0dfe,77.48,
634203560d6683fb4bffc3e455b41b4a,88.06,
f2f7012ae5a52cf57a816a7326cd83ee,91.59,
b75190dd24b80ab3b8394545827b8a33,86.3,
d625982516d591e1206e911fe4ee6f2d,86.3,
43acd8f1759e3189773265e59372fa44,95.11,
6a22a45e87738ca3b88f9fcf33d3fa25,110.99,
1907439b4d227824bd0851f24b21e9d2,86.3,
39436a61cecd8970df4cb4ecdb26035b,98.64,
987fa314a72dfe83c794435cae4075a8,89.82,
887dd480f636c0bfdb97eb74a9fe2910,73.95,
a657c8b9d1f8319f49696489a81889eb,86.3,
5d3429d4aa08ed83418e8005523b7430,93.35,
6a39f6746d49f4e6624fbf338c195993,75.71,
fefde8f8c499b88d101ab4994842a2b1,75.71,
930f593c8534e0bdfac69199c1f791e3,93.35,
59fdfdc0b30cb184cf356a01756ab8a0,112.75,
d0b6da7d76bec67561d26d051e446fd6,82.77,
93fc5d94854fa70c4d1aef7df5160646,77.48,
916f551f7f63ba9bdedab43ca1c259c2,81.01,
a32c669444c5bec4f1013ed2e4c4d9e4,98.64,
0292c54741cc6b93c83ce11bb98f4dcf,103.93,
d4a691465ab71a18881ac6d0555d07b5,86.3,
a211ab052e54a4cb7000e29b95cfb8b4,84.53,
a288233be9d81390b290ff6e27b1b1c5,86.3,
8f3ea1ac76c9cb3d64e3c2b53f69539d,109.22,
cb65e8403e9541678d3c0729d4fe32e9,86.3,
1afed4803a3837b99bc2b790e4708388,75.71,
fe4e5a75e3eb5029a5e5c72ec6d5629b,95.11,
61445bcc09544e42c5f42e531a69e651,102.17,
d863da2ec473ced3f93938d266393d60,88.06,
cbc24b45349e18ba23b9582186c40729,82.77,
57cbd46b1ee0ab23ad274a33b9791773,81.01,
042c435cff404bb30eb3ab326a622a3f,86.3,
327e16771a7881e5312c6e8f47a5e2cf,89.82,
0a59d7d7f0406d3af018aebe5e217788,102.17,
edaf24627ec38fc07d2f1504ce4a1f65,116.28,
c1da01bea10a16a17a0a93d7b085d258,75.71,
e057b0867e9a3777d808224c4d3c01ac,84.53,
1a591d1cd64bf2d67999d2cd174ef973,79.24,
be5f401700b4d2503ba1187a1d570c44,82.77,
28b49f9eab326af73f043b075c14e5fb,77.48,
e4c3a947e8a3e408bd8143769d248ce1,82.77,
6047840826cfa6e976581bc4e5cf0e91,68.66,
a89b9756f880bc645cd4b420be487017,98.64,
93e434d5edae166c93ca3e59c9d56090,77.48,
3db63db5dc1d843986b8bac26564b08b,107.46,
40a6c7e2b53574fb3c7c5c7ccc3e73b4,84.53,
000a880a13e9f127b5b8d5b2866d66fa,82.77,
d9e7eeee2101f617bfb865e51f3277bb,79.24,
36353d81675ea50fde7cb3f993ba8ddc,84.53,
b1da2119a9ae28caae25d4916e13d138,77.48,
c9b676c3faf7cf38a8c6914d9394b750,68.66,
a9bd6961082d7d6845eaacf4f8af2c58,79.24,
daaddc1c57d13e009ab142aad39daf8e,93.35,
ead93ce02a285d0b0041fa4b639c0ea8,73.95,
3ea98fe53ea6e1dab3cdaedfa9c4a3f4,95.11,
80d6ce9b8a00a89ce78a6a5fda48f311,95.11,
e0178d49ec6a2318f4bf061fc7d452fc,93.35,
c9a9da7c9a227cdc592572a5733df2ea,79.24,
00cd5c0ab738f5a23827ff9326e47c53,77.48,
fb71fb6461b84b88da0798760c8e8e36,84.53,
3239177fe9b9d6ee08438a34e2750533,107.46,
442f632a5d1d8e9b7bad9e8807b2fec4,73.95,
17e91d6766f97a541198c998eafebf73,91.59,
17ca312361eb12afa2a8b2cca3a9f9a0,77.48,
d11d5850a871b7742cbd266380a3865a,73.95,
f8c40c4c5a39519c64bd4fd0a537b0f5,77.48,
d5556fe6ab235bbeb99c14a33489206b,72.19,
f2f8ff634b3df36ea5c2b94da114f189,86.3,
15f74dd230141af68d396bf424bbd485,73.95,
3a1308cd0d7c10ac9947a49434823127,89.82,
7d7f2c67941bcd2e53bc4b0a8404ce7b,86.3,
4b17b635a86f22fb33b848d19147256e,86.3,
a65a75d0906ff627f8f8078856133a40,73.95,
adb0fe53859c4004dad08dc9d6c20798,82.77,
415445c66f99ddfc695c874a56badb49,88.06,
787a5a629c7feaad1566b885bb13197a,88.06,
e0eb49f0403e2fda4a0795735b2297a6,82.77,
7eae7a4cad978f186f28e249ec4170fc,96.88,
509d9e8d63d3fb975b5afa3d1151ac77,79.24,
235e4fbfbf3e6eeef0ce8d354383d6c9,68.66,
0ee3332d16f269aee9a3c3e8b53dca1a,77.48,
c49b8f22982743776451a4d21747bfcc,95.11,
1ef69f624e87eff8238cf72917efd5a8,98.64,
3c0f92709c37fa732eff179a9487ba2d,81.01,
169baff259200a8fa96c49b3fbfdc4d6,86.3,
a66b940e1efe3a9ae36eede029b4ba54,91.59,
b611a6b5c98770a33747b138cc9eae8e,86.3,
0959d159446c64697dd567d34c9e97c2,98.64,
b3e2389d2ff058f88fe892958d4afc56,77.48,
d767e1747640d0e52c8254260394a23d,77.48,
3f8db97d8eafef51e981951c6ba75f0a,98.64,
8cf32508545883ca6909cc5ff431141e,73.95,
8a853590e85e5ba83e2f18587727b326,88.06,
390d1e94aab5064e76c4bf5c3d0ba8b1,96.88,
a9e4933f7c408dd874e146c718b1d5a5,91.59,
9b555a5de4df0aa732d01283c96f22b7,70.42,
5da525bf63bab1fe6a6be98a9762e690,103.93,
36ce7bd67da929d50219285ecd83604b,77.48,
d1cbefec49cbf438693be6b51201e271,81.01,
fd34de18d70b7ea8fa47d5313508198b,93.35,
22b7d80ad20c46b8b9f6ef1718c457a5,82.77,
e3d138ae4b3f0b8d5c37b206823d66dc,100.41,
cb11bc94d4d44a57d00162259f3bff0b,91.59,
02f3005f5799456f5e9dd25352efe8e8,89.82,
2594ebaefe0124c90a86a6f5cd90da91,88.06,
d4a8e2cc310939591a83502b471d5f10,93.35,
c32757b2b7dedd6b45ed907a9709ca81,77.48,
fb48565f788178fa96063e3fb7f48cb1,95.11,
5908c777ebe8bd06410d5b19729e6b98,68.66,
b2773e3afa2872b42cee0219d8366295,105.7,
fa70791bed3b7d49a71f6dab7df1424d,107.46,
d2c3aca8379d104560634febdd0d4510,105.7,
d7b9e109fb1b1dccbaa8ab00d6f2ced9,68.66,
db9fb2fbccfcfb9461dc0af636d9c31d,88.06,
a553e6d32c2db0dce1df155404381aac,81.01,
f645f9db86781e6816defce6f5855d1a,73.95,
0e1e292e645ea173e742ac4f1a6be3d5,82.77,
a104d1dfc4e47c4579753676e6004d9c,82.77,
594b2a7c8617a98f93020b22382c3892,89.82,
78643ef9eb43d02170dcdc39d1061756,103.93,
337f279ee170aed953b5db66ed7d914e,79.24,
f1df2a2c3a34ff62ad5483c983750bb2,96.88,
47f8ee7daec436af44f21b52d74b3b6e,77.48,
00267de7e2ba7ead1f7bd6086f67c098,82.77,
0a4ebf55c9aa083211426a863f91dba7,82.77,
73b2d0fe2c7c8865a26ea71cf70f2bd2,98.64,
ec4733f8072d5836b513ebac13821f27,98.64,
9186b1b87c1d5fdb7c87bcaee20b4543,81.01,
10ad361fbcd0b9f89dbd35926ff63305,73.95,
a31ec6fdd40db45fee51430d9a85b4fc,84.53,
b82128708eb2e3e74c87774ab1a53e30,89.82,
aea41eb932e996def16858f1af63888c,86.3,
88ba6845de3ac7813d68d786ba49a9cc,89.82,
4d48cf711245f90c4315f537ecaed096,93.35,
716cdcb4208edd563f67cd0449711ae2,82.77,
212e12eda1fb6c0d72577fd38806c6e6,82.77,
f6083eee776802c45c3ad01fc65bf8ef,89.82,
3f5684b49f028ff12d48213368ddc234,89.82,
b96a5218d2c2ab99ef86efbbd287c126,79.24,
da1de28fb1e7fba14e20c5d9a67ed92c,88.06,
d1429e573e6d97f160dbd1fb7815c8a6,88.06,
d8e38ed4d76fb72b47bc9b24479a5bf5,84.53,
b97ad1149d3eba3e4f38be029fc9c841,89.82,
9237bead30e2118ad01b80a0e2e47441,73.95,
913f62304fa4f18fb408b85fa5c35339,73.95,
5d00d554262d2b7d60d22c5cedf0f773,77.48,
c9cab4d12baa487f8c9a033c7f2168b5,100.41,
00b595615b95cb39990218bcb5a05f8a,79.24,
5644525ad244d86510e3cdf6b81688e0,95.11,
f98855f51c315ad6858b49fb540dfa72,95.11,
4b936348dae7ffdb34f339fe0556c25e,82.77,
293f4f050ec44f6588f146e89dc507a0,105.7,
9cd641fec10f082894dcaa4077ff4173,86.3,
7461aa67092b351650e1436dc49eac2c,86.3,
04822584b9731f4981825b6d190d3342,86.3,
fb0b2f318d4dc7e7fa8f4833825f1b8a,95.11,
e80a23dbd197a0999f4c37d0e0279aef,88.06,
5068f27f67da9bebd8f59e6e7676039c,72.19,
15d61cf143aa6db948474b78017eedd3,86.3,
4c186533a00603c29aa2824d2c6b5f82,77.48,
85f492e0a9f60db06dcf8c90b327394c,95.11,
5822e1b667173a78335fdda85379efdf,89.82,
ee6463598b7e7694da8c2c34ce9a46c6,103.93,
73bf0009b636b1776ea7ab090b448807,84.53,
0562c6c525491d58e769a3066e107d14,86.3,
179a7e0bb04957e176bc576de8aaf38a,84.53,
6c9bcf811f7ddc55c067a04652964a2d,84.53,
2aad03821c2182154efdaf293fac8ee5,84.53,
3cd2e1b3dd1f80c443bde9f2115b19a9,86.3,
7d7baa2ab02dc56f8acb122c54b6ddd9,75.71,
e52feb464f505f56128964be832dc28e,88.06,
049223d4c49dca6d1b5a4c883b8d6556,95.11,
370191a4f389621ac0c5c0fb41e94239,103.93,
3dd158f0b770b9e1fbb95e84d47d50e0,88.06,
5789075432cf94f48b6624503f0ac795,102.17,
5d07fa10cb87358bd5ba713b708e0bb6,82.77,
90d01ae6d891608be87c68422427d5e6,88.06,
cf3f8cfacce111d6ac7544ad42c568eb,70.42,
56f05961b3930aae7313db81b552b70b,75.71,
4e679d46e23f80f4c14e1687889c25b1,86.3,
3e8838b0a04e3a34173c408702c2cb95,73.95,
a94e0fe1dc84d803a730c71929e4ac9e,79.24,
caf42d4a763c2583d6357d2df0f25936,93.35,
f5d26f0ca7a98a3b9a0f1708feea81f6,95.11,
c1027030c1b863fa938f6b16bbca3b35,84.53,
ce18b42d8967a1bdf5f4bd0d15f45953,77.48,
4da61108ec43a57190486931ddc87742,89.82,
8981a7b06e29758f4068670f78238689,86.3,
9c8d3aa5b143ce25a99e7711309e8a53,82.77,
f7f92722f6f29eb971acf5fdb6279049,79.24,
25f35c413a45abb4fafa2749dc62b43e,77.48,
90a63c22c509efece1afeb083eb404de,102.17,
586772135254c1ff5788a50e1f54fc84,81.01,
8e553df22d48aa69033b51235e1caa9a,79.24,
dbcab7ef6081846ee2013671b38dde4f,81.01,
1b4be4dcc802a2eea56d048a11bffe4a,81.01,
ccb5877272c7180b4044f97fee6bd31e,77.48,
e01d7d2b4c5592766fa316542b5872b5,98.64,
85d85e5316bfed0f8622f54312c28b40,70.42,
91c074c36e63f47afeaf2a0c2ad96860,82.77,
1820b935c385b2cd04f6cd6d46512a66,89.82,
3c825e3f7f840236c584efd8b3e61dd5,77.48,
4f565c02839152698dfa7c4e56fda5a0,89.82,
c293cdd8c0c5d23bd35addf7f57484b1,93.35,
004be120d52be030f9539b88fd7136ac,93.35,
f53a43efa87107c101fa4a4137b90bc2,79.24,
7ceeeefb87305efdacb503617cd5275e,79.24,
274a9213438522188283b57f5de6887f,95.11,
71c3288a512d5336f3d828cd671d4a92,95.11,
512259b1b0afdacb2c37fcad8ba0d9ec,98.64,
3e817c6589f54e6bcbf057c6f83b6026,81.01,
1ee5b8ad322b24c33bd6ec1f8d17ae5a,82.77,
8d217f3fcaddbb04752e4e055afe2dc9,89.82,
657678351e407b809203d6d082ef7887,110.99,
148af7d2584a2e1088a57a91172812a7,89.82,
dd157e4f9366a6b75ec4ee5eb07199b1,77.48,
08bf974e55735d4754e25fcfda9ef44d,88.06,
16c302a3f77751f636c37748e8334afa,93.35,
a7036be91c03dede91aed7c531814bf5,100.41,
c02c8498ff7dbc8a55f7fdb21b052b2a,82.77,
ad560f8379e2618764c486b45c7238cb,82.77,
1c9aaf594e19539b1eb91d02d6f5ed82,107.46,
97b5b72ebc44cc2c060e6054e9ec4ae3,86.3,
9446084fc69c9443a872dcfddba8c1e0,88.06,
b697bfe9220b8a500bf26b572f0b0973,86.3,
7d75f31bf227768bba3f8f3688d0b470,98.64,
8c5084e93c7d806818aa72b7e99ed23c,91.59,
656bc9252d4acbb825e0239cfa71d248,82.77,
c9c715b7a773ab5feb1875d7b8ac20c5,73.95,
474c75c78ffb944230f0f045a6ffd21f,81.01,
587be3397d14d2a6fb35504b25d4d164,79.24,
c81ba557e600089cda48fb0af3b21912,98.64,
c46f9f68c3fe1f361abca6914dfe4ee3,98.64,
dd7850c0864cb51f703edaf0d107b77d,93.35,
68f4c658e6ed18b433a7be158f5c909f,86.3,
1c0dbe2297c9bc0da761369311a7d0cb,88.06,
0c7312605779edd2b9ce95aa38585e8d,91.59,
8696aff21343172dd47ac67ad0653260,93.35,
be84991e4891f8ec1d82c34d90972de1,79.24,
2d2267b635bbecfbf6a6e4fe1d0dad6f,105.7,
b7a8dfa5e417b13e166ee7c234ce864e,91.59,
02d96d25976b46049d077dad11ab89c3,84.53,
05e2197793f1391244b5cb7627c2bdeb,89.82,
a1376cb1689ebcb7b4d9658ba4e81d3f,68.66,
0a9290b73425f2f757876c2190a5739c,73.95,
8c6b1bee13a14356ba05f365247230ad,84.53,
07568c127d9c8a1a479835a2d7e16fde,73.95,
ad17235507213e7c2694eac995e8d099,75.71,
b5540a196a4f821eaa433970dfd05800,88.06,
bd10caaccaee633aa1797cc32446a3e7,95.11,
0fdb9f49897a887d9594146505e238e5,77.48,
4ea70296c9acee16244a730e7bf86f9b,95.11,
7bac4bdd7caa5136a476e4458bcd9063,75.71,
